Timestamp(Standard),CH0:Temperature(degC),CH1:Depth(dbar)
2024-01-09 16:21:36,28.755,6.296
2024-01-09 16:22:36,28.749,13.342
2024-01-09 16:23:36,28.675,19.675
2024-01-09 16:24:36,28.667,25.227
2024-01-09 16:25:36,28.571,30.419
2024-01-09 16:26:36,28.260,34.900
2024-01-09 16:27:36,27.909,37.789
2024-01-09 16:28:36,27.542,38.868
2024-01-09 16:29:36,27.463,39.182
2024-01-09 16:30:36,27.449,39.371
2024-01-09 16:31:36,27.492,39.417
2024-01-09 16:32:36,27.633,39.426
2024-01-09 16:33:36,27.838,39.385
2024-01-09 16:34:36,27.898,39.343
2024-01-09 16:35:36,27.909,39.274
2024-01-09 16:36:36,27.917,39.209
2024-01-09 16:37:36,27.933,39.079
2024-01-09 16:38:36,27.962,38.879
2024-01-09 16:39:36,27.982,38.775
2024-01-09 16:40:36,27.997,38.587
2024-01-09 16:41:36,27.996,38.399
2024-01-09 16:42:36,28.010,38.258
2024-01-09 16:43:36,28.031,38.165
2024-01-09 16:44:36,28.038,38.215
2024-01-09 16:45:36,28.097,38.185
2024-01-09 16:46:36,28.117,38.235
2024-01-09 16:47:36,28.200,38.125
2024-01-09 16:48:36,28.226,37.989
2024-01-09 16:49:36,28.228,37.762
2024-01-09 16:50:36,28.224,37.527
2024-01-09 16:51:36,28.209,37.368
2024-01-09 16:52:36,28.160,37.184
2024-01-09 16:53:36,28.122,37.057
2024-01-09 16:54:36,28.103,37.042
2024-01-09 16:55:36,28.093,37.055
2024-01-09 16:56:36,28.087,37.026
2024-01-09 16:57:36,28.053,36.999
2024-01-09 16:58:36,28.039,37.054
2024-01-09 16:59:36,28.022,37.161
2024-01-09 17:00:36,28.015,37.329
2024-01-09 17:01:36,28.012,37.476
2024-01-09 17:02:36,28.027,37.594
2024-01-09 17:03:36,28.056,37.632
2024-01-09 17:04:36,28.094,37.599
2024-01-09 17:05:36,28.107,37.468
2024-01-09 17:06:36,28.107,37.305
2024-01-09 17:07:36,28.086,37.073
2024-01-09 17:08:36,28.026,36.964
2024-01-09 17:09:36,27.986,36.944
2024-01-09 17:10:36,27.975,36.909
2024-01-09 17:11:36,27.960,37.014
2024-01-09 17:12:36,27.953,37.057
2024-01-09 17:13:36,27.944,37.157
2024-01-09 17:14:36,27.950,37.231
2024-01-09 17:15:36,27.968,37.364
2024-01-09 17:16:36,27.994,37.544
2024-01-09 17:17:36,28.027,37.594
2024-01-09 17:18:36,28.060,37.506
2024-01-09 17:19:36,28.097,37.389
2024-01-09 17:20:36,28.104,37.250
2024-01-09 17:21:36,28.106,37.148
2024-01-09 17:22:36,28.123,37.064
2024-01-09 17:23:36,28.149,36.903
2024-01-09 17:24:36,28.178,36.770
2024-01-09 17:25:36,28.181,36.466
2024-01-09 17:26:36,28.179,36.142
2024-01-09 17:27:36,28.185,35.826
2024-01-09 17:28:36,28.196,35.639
2024-01-09 17:29:36,28.211,35.524
2024-01-09 17:30:36,28.223,35.357
2024-01-09 17:31:36,28.235,35.262
2024-01-09 17:32:36,28.240,35.096
2024-01-09 17:33:36,28.251,34.946
2024-01-09 17:34:36,28.256,34.874
2024-01-09 17:35:36,28.264,34.790
2024-01-09 17:36:36,28.269,34.687
2024-01-09 17:37:36,28.282,34.460
2024-01-09 17:38:36,28.306,34.286
2024-01-09 17:39:36,28.314,34.190
2024-01-09 17:40:36,28.325,34.188
2024-01-09 17:41:36,28.342,34.112
2024-01-09 17:42:36,28.346,34.085
2024-01-09 17:43:36,28.340,34.097
2024-01-09 17:44:36,28.355,34.224
2024-01-09 17:45:36,28.383,34.177
2024-01-09 17:46:36,28.406,34.101
2024-01-09 17:47:36,28.410,34.112
2024-01-09 17:48:36,28.407,34.088
2024-01-09 17:49:36,28.422,33.836
2024-01-09 17:50:36,28.453,33.645
2024-01-09 17:51:36,28.450,33.447
2024-01-09 17:52:36,28.452,33.245
2024-01-09 17:53:36,28.446,33.012
2024-01-09 17:54:36,28.433,32.742
2024-01-09 17:55:36,28.420,32.695
2024-01-09 17:56:36,28.408,32.805
2024-01-09 17:57:36,28.424,32.880
2024-01-09 17:58:36,28.440,32.932
2024-01-09 17:59:36,28.469,32.883
2024-01-09 18:00:36,28.502,32.713
2024-01-09 18:01:36,28.512,32.448
2024-01-09 18:02:36,28.518,32.154
2024-01-09 18:03:36,28.515,32.004
2024-01-09 18:04:36,28.511,31.739
2024-01-09 18:05:36,28.506,31.609
2024-01-09 18:06:36,28.505,31.662
2024-01-09 18:07:36,28.547,31.578
2024-01-09 18:08:36,28.545,31.705
2024-01-09 18:09:36,28.541,31.741
2024-01-09 18:10:36,28.561,31.532
2024-01-09 18:11:36,28.554,31.514
2024-01-09 18:12:36,28.553,31.412
2024-01-09 18:13:36,28.557,31.255
2024-01-09 18:14:36,28.547,31.118
2024-01-09 18:15:36,28.529,30.889
2024-01-09 18:16:36,28.548,30.876
2024-01-09 18:17:36,28.561,30.898
2024-01-09 18:18:36,28.587,30.937
2024-01-09 18:19:36,28.604,30.876
2024-01-09 18:20:36,28.654,30.663
2024-01-09 18:21:36,28.649,30.523
2024-01-09 18:22:36,28.637,30.605
2024-01-09 18:23:36,28.643,30.110
2024-01-09 18:24:36,28.644,30.099
2024-01-09 18:25:36,28.629,30.203
2024-01-09 18:26:36,28.651,30.317
2024-01-09 18:27:36,28.624,30.423
2024-01-09 18:28:36,28.599,30.344
2024-01-09 18:29:36,28.605,30.434
2024-01-09 18:30:36,28.602,30.205
2024-01-09 18:31:36,28.607,29.831
2024-01-09 18:32:36,28.593,29.786
2024-01-09 18:33:36,28.586,29.744
2024-01-09 18:34:36,28.588,29.792
2024-01-09 18:35:36,28.609,29.566
2024-01-09 18:36:36,28.614,29.498
2024-01-09 18:37:36,28.587,29.551
2024-01-09 18:38:36,28.565,29.416
2024-01-09 18:39:36,28.563,29.302
2024-01-09 18:40:36,28.554,29.339
2024-01-09 18:41:36,28.552,29.445
2024-01-09 18:42:36,28.553,29.486
2024-01-09 18:43:36,28.553,29.475
2024-01-09 18:44:36,28.551,29.425
2024-01-09 18:45:36,28.528,29.265
2024-01-09 18:46:36,28.550,29.193
2024-01-09 18:47:36,28.553,29.191
2024-01-09 18:48:36,28.560,29.216
2024-01-09 18:49:36,28.561,29.175
2024-01-09 18:50:36,28.585,29.171
2024-01-09 18:51:36,28.586,29.137
2024-01-09 18:52:36,28.569,29.185
2024-01-09 18:53:36,28.563,29.223
2024-01-09 18:54:36,28.554,29.192
2024-01-09 18:55:36,28.575,29.079
2024-01-09 18:56:36,28.603,28.983
2024-01-09 18:57:36,28.598,28.959
2024-01-09 18:58:36,28.588,28.826
2024-01-09 18:59:36,28.610,28.650
2024-01-09 19:00:36,28.608,28.690
2024-01-09 19:01:35,28.590,28.738
2024-01-09 19:02:35,28.565,28.572
2024-01-09 19:03:35,28.561,28.641
2024-01-09 19:04:35,28.565,28.715
2024-01-09 19:05:35,28.562,28.805
2024-01-09 19:06:35,28.568,28.721
2024-01-09 19:07:35,28.524,28.715
2024-01-09 19:08:35,28.502,28.765
2024-01-09 19:09:35,28.516,28.775
2024-01-09 19:10:35,28.523,28.774
2024-01-09 19:11:35,28.499,28.833
2024-01-09 19:12:35,28.497,28.832
2024-01-09 19:13:35,28.500,28.962
2024-01-09 19:14:35,28.502,28.988
2024-01-09 19:15:35,28.491,29.012
2024-01-09 19:16:35,28.467,29.126
2024-01-09 19:17:35,28.453,29.222
2024-01-09 19:18:35,28.448,29.215
2024-01-09 19:19:35,28.455,29.255
2024-01-09 19:20:35,28.449,29.270
2024-01-09 19:21:35,28.447,29.286
2024-01-09 19:22:35,28.451,29.418
2024-01-09 19:23:35,28.469,29.472
2024-01-09 19:24:35,28.497,29.510
2024-01-09 19:25:35,28.485,29.474
2024-01-09 19:26:35,28.510,29.422
2024-01-09 19:27:35,28.492,29.460
2024-01-09 19:28:35,28.508,29.496
2024-01-09 19:29:35,28.514,29.392
2024-01-09 19:30:35,28.520,29.384
2024-01-09 19:31:35,28.508,29.455
2024-01-09 19:32:35,28.531,29.447
2024-01-09 19:33:35,28.513,29.505
2024-01-09 19:34:35,28.533,29.545
2024-01-09 19:35:35,28.551,29.487
2024-01-09 19:36:35,28.535,29.361
2024-01-09 19:37:35,28.519,29.291
2024-01-09 19:38:35,28.496,29.255
2024-01-09 19:39:35,28.485,29.376
2024-01-09 19:40:35,28.480,29.451
2024-01-09 19:41:35,28.458,29.479
2024-01-09 19:42:35,28.438,29.406
2024-01-09 19:43:35,28.434,29.425
2024-01-09 19:44:35,28.421,29.412
2024-01-09 19:45:34,28.413,29.474
2024-01-09 19:46:34,28.407,29.443
2024-01-09 19:47:34,28.402,29.720
2024-01-09 19:48:34,28.391,29.791
2024-01-09 19:49:34,28.396,29.883
2024-01-09 19:50:34,28.439,29.910
2024-01-09 19:51:34,28.416,29.984
2024-01-09 19:52:34,28.392,30.052
2024-01-09 19:53:34,28.407,30.107
2024-01-09 19:54:34,28.433,30.062
2024-01-09 19:55:34,28.428,30.162
2024-01-09 19:56:34,28.436,30.167
2024-01-09 19:57:34,28.452,30.341
2024-01-09 19:58:34,28.472,30.237
2024-01-09 19:59:34,28.496,30.510
2024-01-09 20:00:34,28.447,30.725
2024-01-09 20:01:34,28.478,30.647
2024-01-09 20:02:34,28.422,31.003
2024-01-09 20:03:34,28.474,29.498
2024-01-09 20:04:34,28.498,28.037
2024-01-09 20:05:34,28.494,27.705
2024-01-09 20:06:34,28.495,27.846
2024-01-09 20:07:33,28.578,27.239
2024-01-09 20:08:33,28.413,29.955
2024-01-09 20:09:33,28.479,28.780
2024-01-09 20:10:33,28.458,29.450
2024-01-09 20:11:33,28.624,26.013
2024-01-09 20:12:33,28.597,27.818
2024-01-09 20:13:32,28.099,35.299
2024-01-09 20:14:32,27.968,36.879
2024-01-09 20:15:32,27.751,37.812
2024-01-09 20:16:32,28.005,36.496
2024-01-09 20:17:32,28.371,32.548
2024-01-09 20:18:32,28.394,32.130
2024-01-09 20:19:32,28.389,32.030
2024-01-09 20:20:32,28.372,32.915
2024-01-09 20:21:32,28.109,35.670
2024-01-09 20:22:32,28.415,32.134
2024-01-09 20:23:32,28.456,31.330
2024-01-09 20:24:32,28.437,31.418
2024-01-09 20:25:32,28.474,30.980
2024-01-09 20:26:32,28.438,31.268
2024-01-09 20:27:32,28.437,31.366
2024-01-09 20:28:32,28.409,31.905
2024-01-09 20:29:32,28.478,30.519
2024-01-09 20:30:32,28.587,28.701
2024-01-09 20:31:32,28.653,25.688
2024-01-09 20:32:32,28.501,30.179
2024-01-09 20:33:32,28.173,35.777
2024-01-09 20:34:32,27.935,37.613
2024-01-09 20:35:32,28.077,36.207
2024-01-09 20:36:31,28.097,35.913
2024-01-09 20:37:31,28.066,36.292
2024-01-09 20:38:31,27.989,36.949
2024-01-09 20:39:31,28.034,37.217
2024-01-09 20:40:31,28.040,37.628
2024-01-09 20:41:31,28.098,37.588
2024-01-09 20:42:31,28.228,36.032
2024-01-09 20:43:31,28.480,32.404
2024-01-09 20:44:31,28.584,31.245
2024-01-09 20:45:31,28.518,32.220
2024-01-09 20:46:31,28.555,31.630
2024-01-09 20:47:31,28.534,32.635
2024-01-09 20:48:31,28.531,31.720
2024-01-09 20:49:31,28.633,29.330
2024-01-09 20:50:31,28.636,29.813
2024-01-09 20:51:31,28.633,30.474
2024-01-09 20:52:31,28.608,31.456
2024-01-09 20:53:31,28.675,29.867
2024-01-09 20:54:31,28.683,25.523
2024-01-09 20:55:31,28.681,25.144
2024-01-09 20:56:31,28.684,28.021
2024-01-09 20:57:31,28.686,28.247
2024-01-09 20:58:31,28.555,36.154
2024-01-09 20:59:31,28.380,40.757
2024-01-09 21:00:31,28.216,42.263
2024-01-09 21:01:31,28.147,42.785
2024-01-09 21:02:31,28.126,43.231
2024-01-09 21:03:31,28.071,43.985
2024-01-09 21:04:31,27.960,44.531
2024-01-09 21:05:31,28.248,40.994
2024-01-09 21:06:31,28.431,38.587
2024-01-09 21:07:31,28.400,39.224
2024-01-09 21:08:31,28.122,41.926
2024-01-09 21:09:31,27.989,42.717
2024-01-09 21:10:31,27.848,43.631
2024-01-09 21:11:31,27.636,45.610
2024-01-09 21:12:31,27.618,45.586
2024-01-09 21:13:31,27.601,45.564
2024-01-09 21:14:31,27.552,45.695
2024-01-09 21:15:31,27.547,45.263
2024-01-09 21:16:31,27.544,44.972
2024-01-09 21:17:31,27.594,44.082
2024-01-09 21:18:31,27.600,43.843
2024-01-09 21:19:31,27.574,44.236
2024-01-09 21:20:31,27.677,43.581
2024-01-09 21:21:31,27.676,43.814
2024-01-09 21:22:31,27.894,42.279
2024-01-09 21:23:31,27.948,42.225
2024-01-09 21:24:31,28.096,40.969
2024-01-09 21:25:31,28.038,41.844
2024-01-09 21:26:31,28.074,41.279
2024-01-09 21:27:30,28.381,37.983
2024-01-09 21:28:29,28.469,36.095
2024-01-09 21:29:29,28.608,32.804
2024-01-09 21:30:29,28.660,29.178
2024-01-09 21:31:29,28.646,30.294
2024-01-09 21:32:29,28.615,32.069
2024-01-09 21:33:29,28.610,31.872
2024-01-09 21:34:29,28.616,32.008
2024-01-09 21:35:29,28.475,34.911
2024-01-09 21:36:29,28.471,36.493
2024-01-09 21:37:29,28.470,37.538
2024-01-09 21:38:29,28.467,37.751
2024-01-09 21:39:29,28.466,37.712
2024-01-09 21:40:29,28.468,37.547
2024-01-09 21:41:29,28.518,36.911
2024-01-09 21:42:29,28.562,36.388
2024-01-09 21:43:29,28.493,36.491
2024-01-09 21:44:29,28.491,36.460
2024-01-09 21:45:29,28.497,36.497
2024-01-09 21:46:29,28.498,36.245
2024-01-09 21:47:29,28.496,36.314
2024-01-09 21:48:29,28.500,36.552
2024-01-09 21:49:29,28.485,36.802
2024-01-09 21:50:29,28.461,37.230
2024-01-09 21:51:29,28.433,37.610
2024-01-09 21:52:29,28.424,37.633
2024-01-09 21:53:28,28.415,38.113
2024-01-09 21:54:28,28.417,38.156
2024-01-09 21:55:28,28.421,37.991
2024-01-09 21:56:28,28.403,38.402
2024-01-09 21:57:28,28.378,38.663
2024-01-09 21:58:28,28.392,38.454
2024-01-09 21:59:28,28.397,38.586
2024-01-09 22:00:28,28.406,38.714
2024-01-09 22:01:28,28.406,38.671
2024-01-09 22:02:28,28.374,39.076
2024-01-09 22:03:28,28.355,39.119
2024-01-09 22:04:28,28.310,39.138
2024-01-09 22:05:28,28.225,39.176
2024-01-09 22:06:28,28.155,39.458
2024-01-09 22:07:28,28.153,39.507
2024-01-09 22:08:28,28.139,39.808
2024-01-09 22:09:28,28.138,39.943
2024-01-09 22:10:28,28.078,40.480
2024-01-09 22:11:27,28.112,40.674
2024-01-09 22:12:27,28.048,41.189
2024-01-09 22:13:27,28.012,41.716
2024-01-09 22:14:27,28.033,41.776
2024-01-09 22:15:27,27.998,42.551
2024-01-09 22:16:27,27.990,42.712
2024-01-09 22:17:27,27.974,43.363
2024-01-09 22:18:27,27.953,43.990
2024-01-09 22:19:27,27.957,44.506
2024-01-09 22:20:27,27.901,45.352
2024-01-09 22:21:27,27.940,45.465
2024-01-09 22:22:27,27.921,45.803
2024-01-09 22:23:27,27.927,45.870
2024-01-09 22:24:27,27.852,46.130
2024-01-09 22:25:27,27.886,46.214
2024-01-09 22:26:27,27.824,46.469
2024-01-09 22:27:27,27.749,47.287
2024-01-09 22:28:27,27.734,47.638
2024-01-09 22:29:27,27.740,47.583
2024-01-09 22:30:27,27.730,47.964
2024-01-09 22:31:27,27.766,47.625
2024-01-09 22:32:27,27.822,47.142
2024-01-09 22:33:26,27.823,47.189
2024-01-09 22:34:26,27.827,47.128
2024-01-09 22:35:26,27.817,47.317
2024-01-09 22:36:26,27.801,47.327
2024-01-09 22:37:26,27.742,48.009
2024-01-09 22:38:26,27.714,48.175
2024-01-09 22:39:26,27.712,48.207
2024-01-09 22:40:26,27.646,48.958
2024-01-09 22:41:26,27.646,49.198
2024-01-09 22:42:26,27.659,49.351
2024-01-09 22:43:26,27.660,49.799
2024-01-09 22:44:26,27.727,49.591
2024-01-09 22:45:26,27.776,49.321
2024-01-09 22:46:26,27.788,49.100
2024-01-09 22:47:26,27.849,48.379
2024-01-09 22:48:26,27.893,47.795
2024-01-09 22:49:26,27.853,47.679
2024-01-09 22:50:26,27.837,47.466
2024-01-09 22:51:26,27.798,47.664
2024-01-09 22:52:26,27.777,47.896
2024-01-09 22:53:26,27.770,48.094
2024-01-09 22:54:26,27.756,48.345
2024-01-09 22:55:26,27.759,48.334
2024-01-09 22:56:26,27.738,48.563
2024-01-09 22:57:26,27.721,48.764
2024-01-09 22:58:26,27.728,48.766
2024-01-09 22:59:26,27.739,48.929
2024-01-09 23:00:26,27.726,49.124
2024-01-09 23:01:26,27.747,48.921
2024-01-09 23:02:26,27.751,48.939
2024-01-09 23:03:26,27.752,49.098
2024-01-09 23:04:26,27.770,49.007
2024-01-09 23:05:26,27.788,49.086
2024-01-09 23:06:26,27.838,49.208
2024-01-09 23:07:26,27.969,48.726
2024-01-09 23:08:26,28.018,48.369
2024-01-09 23:09:26,28.045,47.954
2024-01-09 23:10:26,28.125,47.023
2024-01-09 23:11:26,28.198,46.536
2024-01-09 23:12:26,28.322,45.814
2024-01-09 23:13:26,28.359,45.315
2024-01-09 23:14:26,28.367,44.768
2024-01-09 23:15:26,28.396,43.892
2024-01-09 23:16:26,28.459,43.479
2024-01-09 23:17:25,28.466,43.058
2024-01-09 23:18:25,28.476,42.418
2024-01-09 23:19:25,28.485,41.925
2024-01-09 23:20:25,28.484,41.771
2024-01-09 23:21:25,28.482,41.312
2024-01-09 23:22:25,28.517,41.110
2024-01-09 23:23:25,28.546,40.935
2024-01-09 23:24:25,28.492,40.651
2024-01-09 23:25:25,28.510,40.423
2024-01-09 23:26:25,28.541,40.155
2024-01-09 23:27:25,28.547,39.592
2024-01-09 23:28:25,28.566,39.154
2024-01-09 23:29:25,28.580,38.646
2024-01-09 23:30:25,28.612,38.097
2024-01-09 23:31:25,28.585,37.553
2024-01-09 23:32:25,28.572,37.394
2024-01-09 23:33:24,28.569,37.160
2024-01-09 23:34:24,28.555,36.927
2024-01-09 23:35:24,28.524,36.891
2024-01-09 23:36:24,28.460,37.003
2024-01-09 23:37:24,28.516,36.858
2024-01-09 23:38:24,28.551,36.994
2024-01-09 23:39:24,28.451,37.178
2024-01-09 23:40:24,28.407,37.298
2024-01-09 23:41:24,28.554,37.163
2024-01-09 23:42:24,28.577,37.280
2024-01-09 23:43:24,28.584,37.407
2024-01-09 23:44:24,28.546,37.400
2024-01-09 23:45:24,28.579,36.999
2024-01-09 23:46:24,28.589,37.190
2024-01-09 23:47:24,28.581,37.188
2024-01-09 23:48:24,28.576,37.352
2024-01-09 23:49:24,28.573,37.730
2024-01-09 23:50:24,28.580,37.765
2024-01-09 23:51:24,28.586,38.020
2024-01-09 23:52:24,28.601,37.665
2024-01-09 23:53:24,28.640,37.272
2024-01-09 23:54:24,28.667,37.069
2024-01-09 23:55:24,28.666,36.834
2024-01-09 23:56:24,28.665,36.613
2024-01-09 23:57:24,28.664,36.269
2024-01-09 23:58:23,28.665,36.335
2024-01-09 23:59:23,28.668,35.926
2024-01-10 00:00:23,28.667,35.788
2024-01-10 00:01:22,28.644,35.594
2024-01-10 00:02:22,28.648,35.587
2024-01-10 00:03:22,28.632,35.507
2024-01-10 00:04:22,28.665,35.239
2024-01-10 00:05:22,28.662,35.025
2024-01-10 00:06:22,28.648,34.298
2024-01-10 00:07:22,28.662,34.227
2024-01-10 00:08:21,28.658,34.175
2024-01-10 00:09:21,28.667,33.542
2024-01-10 00:10:21,28.651,33.511
2024-01-10 00:11:21,28.657,33.482
2024-01-10 00:12:21,28.659,33.375
2024-01-10 00:13:21,28.664,33.233
2024-01-10 00:14:21,28.662,33.137
2024-01-10 00:15:21,28.645,33.074
2024-01-10 00:16:21,28.653,33.171
2024-01-10 00:17:21,28.660,32.814
2024-01-10 00:18:21,28.670,32.709
2024-01-10 00:19:21,28.666,32.726
2024-01-10 00:20:21,28.667,32.650
2024-01-10 00:21:21,28.666,32.546
2024-01-10 00:22:21,28.666,32.256
2024-01-10 00:23:21,28.653,32.032
2024-01-10 00:24:21,28.651,32.070
2024-01-10 00:25:21,28.665,31.890
2024-01-10 00:26:21,28.669,31.828
2024-01-10 00:27:21,28.668,31.740
2024-01-10 00:28:21,28.668,31.364
2024-01-10 00:29:21,28.667,31.285
2024-01-10 00:30:20,28.665,31.160
2024-01-10 00:31:20,28.660,31.046
2024-01-10 00:32:20,28.663,30.753
2024-01-10 00:33:20,28.653,30.674
2024-01-10 00:34:20,28.640,30.612
2024-01-10 00:35:20,28.636,30.395
2024-01-10 00:36:20,28.667,30.173
2024-01-10 00:37:19,28.658,30.127
2024-01-10 00:38:19,28.661,30.166
2024-01-10 00:39:19,28.663,30.022
2024-01-10 00:40:19,28.662,29.790
2024-01-10 00:41:19,28.662,29.887
2024-01-10 00:42:19,28.653,29.853
2024-01-10 00:43:19,28.663,29.777
2024-01-10 00:44:19,28.662,29.678
2024-01-10 00:45:19,28.658,29.680
2024-01-10 00:46:19,28.662,29.692
2024-01-10 00:47:19,28.667,29.711
2024-01-10 00:48:19,28.667,29.736
2024-01-10 00:49:19,28.665,30.003
2024-01-10 00:50:19,28.665,29.795
2024-01-10 00:51:19,28.666,29.987
2024-01-10 00:52:19,28.664,30.017
2024-01-10 00:53:19,28.653,29.604
2024-01-10 00:54:19,28.656,29.493
2024-01-10 00:55:19,28.658,29.499
2024-01-10 00:56:19,28.658,29.658
2024-01-10 00:57:19,28.660,29.183
2024-01-10 00:58:19,28.655,29.184
2024-01-10 00:59:19,28.650,29.143
2024-01-10 01:00:19,28.651,29.032
2024-01-10 01:01:19,28.650,29.131
2024-01-10 01:02:19,28.652,29.059
2024-01-10 01:03:19,28.650,28.917
2024-01-10 01:04:19,28.654,28.902
2024-01-10 01:05:19,28.653,28.605
2024-01-10 01:06:19,28.653,28.634
2024-01-10 01:07:19,28.654,28.500
2024-01-10 01:08:19,28.655,28.032
2024-01-10 01:09:19,28.655,27.840
2024-01-10 01:10:19,28.656,28.244
2024-01-10 01:11:19,28.657,28.271
2024-01-10 01:12:19,28.655,28.363
2024-01-10 01:13:19,28.646,28.338
2024-01-10 01:14:19,28.649,28.388
2024-01-10 01:15:19,28.656,28.248
2024-01-10 01:16:19,28.656,28.101
2024-01-10 01:17:19,28.656,27.947
2024-01-10 01:18:19,28.655,28.188
2024-01-10 01:19:19,28.655,28.075
2024-01-10 01:20:19,28.657,28.070
2024-01-10 01:21:19,28.658,28.031
2024-01-10 01:22:19,28.657,28.034
2024-01-10 01:23:19,28.658,28.039
2024-01-10 01:24:19,28.657,28.084
2024-01-10 01:25:19,28.655,28.079
2024-01-10 01:26:19,28.656,27.925
2024-01-10 01:27:19,28.653,27.978
2024-01-10 01:28:18,28.654,27.874
2024-01-10 01:29:18,28.655,27.765
2024-01-10 01:30:18,28.655,27.680
2024-01-10 01:31:18,28.651,27.776
2024-01-10 01:32:18,28.652,27.691
2024-01-10 01:33:18,28.652,27.919
2024-01-10 01:34:18,28.645,27.788
2024-01-10 01:35:18,28.647,27.772
2024-01-10 01:36:17,28.642,27.886
2024-01-10 01:37:17,28.645,28.106
2024-01-10 01:38:17,28.645,27.876
2024-01-10 01:39:17,28.646,28.090
2024-01-10 01:40:17,28.643,27.857
2024-01-10 01:41:17,28.642,28.050
2024-01-10 01:42:17,28.646,27.916
2024-01-10 01:43:16,28.647,27.639
2024-01-10 01:44:16,28.646,27.614
2024-01-10 01:45:16,28.646,27.702
2024-01-10 01:46:16,28.638,27.619
2024-01-10 01:47:16,28.641,27.795
2024-01-10 01:48:16,28.645,27.569
2024-01-10 01:49:16,28.644,27.450
2024-01-10 01:50:16,28.644,27.396
2024-01-10 01:51:16,28.641,27.457
2024-01-10 01:52:16,28.641,27.451
2024-01-10 01:53:16,28.640,27.270
2024-01-10 01:54:16,28.641,27.115
2024-01-10 01:55:16,28.641,27.089
2024-01-10 01:56:16,28.643,27.112
2024-01-10 01:57:16,28.646,27.171
2024-01-10 01:58:16,28.645,27.153
2024-01-10 01:59:16,28.645,27.142
2024-01-10 02:00:16,28.641,27.149
2024-01-10 02:01:16,28.643,27.114
2024-01-10 02:02:16,28.640,27.154
2024-01-10 02:03:16,28.641,27.072
2024-01-10 02:04:16,28.640,27.245
2024-01-10 02:05:16,28.641,27.263
2024-01-10 02:06:16,28.643,26.971
2024-01-10 02:07:16,28.642,27.044
2024-01-10 02:08:16,28.639,27.187
2024-01-10 02:09:16,28.640,27.156
2024-01-10 02:10:16,28.640,27.131
2024-01-10 02:11:16,28.642,27.059
2024-01-10 02:12:16,28.637,27.019
2024-01-10 02:13:16,28.640,27.124
2024-01-10 02:14:16,28.641,27.212
2024-01-10 02:15:16,28.640,27.187
2024-01-10 02:16:16,28.639,27.313
2024-01-10 02:17:16,28.639,27.286
2024-01-10 02:18:16,28.640,27.455
2024-01-10 02:19:16,28.639,27.425
2024-01-10 02:20:16,28.639,27.154
2024-01-10 02:21:16,28.639,27.132
2024-01-10 02:22:16,28.640,27.301
2024-01-10 02:23:16,28.637,27.305
2024-01-10 02:24:16,28.639,27.225
2024-01-10 02:25:16,28.638,27.121
2024-01-10 02:26:16,28.638,27.312
2024-01-10 02:27:16,28.638,27.398
2024-01-10 02:28:16,28.638,27.414
2024-01-10 02:29:16,28.638,27.477
2024-01-10 02:30:16,28.637,27.634
2024-01-10 02:31:16,28.638,27.491
2024-01-10 02:32:16,28.639,27.302
2024-01-10 02:33:16,28.639,27.308
2024-01-10 02:34:16,28.639,27.545
2024-01-10 02:35:16,28.634,27.443
2024-01-10 02:36:16,28.635,27.433
2024-01-10 02:37:16,28.636,27.393
2024-01-10 02:38:16,28.632,27.357
2024-01-10 02:39:16,28.632,27.179
2024-01-10 02:40:16,28.629,27.294
2024-01-10 02:41:16,28.634,27.402
2024-01-10 02:42:16,28.633,27.377
2024-01-10 02:43:16,28.629,27.348
2024-01-10 02:44:16,28.631,27.266
2024-01-10 02:45:16,28.633,27.386
2024-01-10 02:46:16,28.633,27.147
2024-01-10 02:47:16,28.633,27.283
2024-01-10 02:48:16,28.632,27.295
2024-01-10 02:49:16,28.628,27.319
2024-01-10 02:50:16,28.628,27.468
2024-01-10 02:51:16,28.627,27.416
2024-01-10 02:52:16,28.626,27.593
2024-01-10 02:53:15,28.626,27.587
2024-01-10 02:54:15,28.626,27.573
2024-01-10 02:55:15,28.628,27.549
2024-01-10 02:56:15,28.625,27.600
2024-01-10 02:57:15,28.627,27.575
2024-01-10 02:58:15,28.627,27.667
2024-01-10 02:59:15,28.626,27.551
2024-01-10 03:00:15,28.623,27.524
2024-01-10 03:01:15,28.628,27.565
2024-01-10 03:02:15,28.627,27.458
2024-01-10 03:03:14,28.628,27.559
2024-01-10 03:04:14,28.628,27.677
2024-01-10 03:05:14,28.626,27.600
2024-01-10 03:06:14,28.625,27.566
2024-01-10 03:07:14,28.627,27.592
2024-01-10 03:08:14,28.628,27.474
2024-01-10 03:09:14,28.628,27.615
2024-01-10 03:10:14,28.627,27.677
2024-01-10 03:11:13,28.627,27.592
2024-01-10 03:12:13,28.627,27.672
2024-01-10 03:13:13,28.627,27.667
2024-01-10 03:14:13,28.627,27.757
2024-01-10 03:15:13,28.625,27.663
2024-01-10 03:16:13,28.626,27.768
2024-01-10 03:17:13,28.625,27.641
2024-01-10 03:18:13,28.625,27.782
2024-01-10 03:19:13,28.627,27.703
2024-01-10 03:20:13,28.625,27.659
2024-01-10 03:21:13,28.625,27.556
2024-01-10 03:22:13,28.623,27.550
2024-01-10 03:23:13,28.621,27.651
2024-01-10 03:24:13,28.623,27.661
2024-01-10 03:25:13,28.622,27.737
2024-01-10 03:26:13,28.619,27.789
2024-01-10 03:27:13,28.620,28.015
2024-01-10 03:28:13,28.621,27.984
2024-01-10 03:29:13,28.623,27.934
2024-01-10 03:30:13,28.623,27.828
2024-01-10 03:31:13,28.622,27.755
2024-01-10 03:32:13,28.623,27.808
2024-01-10 03:33:13,28.620,27.858
2024-01-10 03:34:13,28.623,27.886
2024-01-10 03:35:13,28.622,27.958
2024-01-10 03:36:13,28.622,27.869
2024-01-10 03:37:13,28.623,28.066
2024-01-10 03:38:13,28.623,28.123
2024-01-10 03:39:13,28.618,28.142
2024-01-10 03:40:13,28.616,28.126
2024-01-10 03:41:13,28.623,28.139
2024-01-10 03:42:13,28.620,28.260
2024-01-10 03:43:12,28.618,28.422
2024-01-10 03:44:12,28.621,28.395
2024-01-10 03:45:12,28.619,28.319
2024-01-10 03:46:12,28.619,28.473
2024-01-10 03:47:12,28.621,28.436
2024-01-10 03:48:12,28.618,28.632
2024-01-10 03:49:12,28.618,28.685
2024-01-10 03:50:12,28.619,28.355
2024-01-10 03:51:12,28.621,28.450
2024-01-10 03:52:12,28.621,28.552
2024-01-10 03:53:12,28.621,28.353
2024-01-10 03:54:12,28.620,28.522
2024-01-10 03:55:11,28.618,28.554
2024-01-10 03:56:11,28.617,28.624
2024-01-10 03:57:11,28.618,28.921
2024-01-10 03:58:11,28.619,28.905
2024-01-10 03:59:11,28.617,28.895
2024-01-10 04:00:11,28.615,29.051
2024-01-10 04:01:11,28.615,29.024
2024-01-10 04:02:10,28.617,29.207
2024-01-10 04:03:10,28.618,29.223
2024-01-10 04:04:10,28.612,29.303
2024-01-10 04:05:10,28.616,29.259
2024-01-10 04:06:10,28.619,29.310
2024-01-10 04:07:10,28.617,29.417
2024-01-10 04:08:10,28.616,29.353
2024-01-10 04:09:10,28.616,29.246
2024-01-10 04:10:10,28.616,29.153
2024-01-10 04:11:10,28.614,29.246
2024-01-10 04:12:10,28.615,29.221
2024-01-10 04:13:10,28.616,29.229
2024-01-10 04:14:10,28.614,29.357
2024-01-10 04:15:10,28.614,29.338
2024-01-10 04:16:10,28.615,29.396
2024-01-10 04:17:09,28.616,29.391
2024-01-10 04:18:09,28.616,29.285
2024-01-10 04:19:09,28.616,29.421
2024-01-10 04:20:09,28.616,29.254
2024-01-10 04:21:09,28.617,29.340
2024-01-10 04:22:09,28.617,29.316
2024-01-10 04:23:09,28.616,29.385
2024-01-10 04:24:09,28.616,29.366
2024-01-10 04:25:09,28.612,29.379
2024-01-10 04:26:09,28.613,29.606
2024-01-10 04:27:09,28.616,29.636
2024-01-10 04:28:09,28.615,29.524
2024-01-10 04:29:09,28.614,29.595
2024-01-10 04:30:09,28.615,29.583
2024-01-10 04:31:09,28.614,29.541
2024-01-10 04:32:09,28.615,29.478
2024-01-10 04:33:08,28.614,29.518
2024-01-10 04:34:08,28.615,29.436
2024-01-10 04:35:08,28.614,29.439
2024-01-10 04:36:08,28.612,29.440
2024-01-10 04:37:08,28.612,29.489
2024-01-10 04:38:08,28.614,29.502
2024-01-10 04:39:08,28.613,29.315
2024-01-10 04:40:08,28.613,29.327
2024-01-10 04:41:08,28.614,29.425
2024-01-10 04:42:08,28.614,29.479
2024-01-10 04:43:08,28.614,29.548
2024-01-10 04:44:08,28.615,29.553
2024-01-10 04:45:08,28.613,29.594
2024-01-10 04:46:08,28.611,29.613
2024-01-10 04:47:08,28.615,29.562
2024-01-10 04:48:08,28.616,29.459
2024-01-10 04:49:08,28.615,29.486
2024-01-10 04:50:08,28.614,29.513
2024-01-10 04:51:08,28.615,29.383
2024-01-10 04:52:08,28.614,29.574
2024-01-10 04:53:08,28.612,29.533
2024-01-10 04:54:08,28.612,29.566
2024-01-10 04:55:08,28.612,29.551
2024-01-10 04:56:08,28.613,29.574
2024-01-10 04:57:08,28.613,29.418
2024-01-10 04:58:07,28.611,29.595
2024-01-10 04:59:07,28.613,29.622
2024-01-10 05:00:07,28.613,29.481
2024-01-10 05:01:07,28.611,29.516
2024-01-10 05:02:07,28.612,29.449
2024-01-10 05:03:07,28.611,29.373
2024-01-10 05:04:07,28.611,29.387
2024-01-10 05:05:07,28.611,29.403
2024-01-10 05:06:07,28.607,29.263
2024-01-10 05:07:07,28.603,29.243
2024-01-10 05:08:07,28.605,29.071
2024-01-10 05:09:07,28.607,29.168
2024-01-10 05:10:07,28.606,28.978
2024-01-10 05:11:07,28.607,28.951
2024-01-10 05:12:07,28.607,29.001
2024-01-10 05:13:07,28.609,28.825
2024-01-10 05:14:07,28.603,28.724
2024-01-10 05:15:06,28.605,28.694
2024-01-10 05:16:06,28.605,28.542
2024-01-10 05:17:06,28.600,28.503
2024-01-10 05:18:06,28.601,28.353
2024-01-10 05:19:06,28.602,28.215
2024-01-10 05:20:06,28.601,28.098
2024-01-10 05:21:06,28.602,28.198
2024-01-10 05:22:06,28.601,28.001
2024-01-10 05:23:06,28.602,28.071
2024-01-10 05:24:06,28.603,27.840
2024-01-10 05:25:06,28.601,27.837
2024-01-10 05:26:06,28.602,27.839
2024-01-10 05:27:06,28.602,27.716
2024-01-10 05:28:06,28.601,27.735
2024-01-10 05:29:06,28.602,27.726
2024-01-10 05:30:06,28.602,27.777
2024-01-10 05:31:06,28.603,27.748
2024-01-10 05:32:06,28.604,27.686
2024-01-10 05:33:06,28.604,27.457
2024-01-10 05:34:06,28.604,27.344
2024-01-10 05:35:06,28.604,27.402
2024-01-10 05:36:06,28.603,27.334
2024-01-10 05:37:06,28.604,27.405
2024-01-10 05:38:06,28.603,27.266
2024-01-10 05:39:06,28.604,27.203
2024-01-10 05:40:06,28.603,27.028
2024-01-10 05:41:06,28.603,27.144
2024-01-10 05:42:06,28.605,26.902
2024-01-10 05:43:06,28.603,27.027
2024-01-10 05:44:06,28.603,27.013
2024-01-10 05:45:06,28.604,26.843
2024-01-10 05:46:06,28.605,26.636
2024-01-10 05:47:06,28.605,26.595
2024-01-10 05:48:05,28.604,26.601
2024-01-10 05:49:05,28.607,26.408
2024-01-10 05:50:05,28.604,26.440
2024-01-10 05:51:05,28.605,25.983
2024-01-10 05:52:05,28.605,26.189
2024-01-10 05:53:05,28.606,26.204
2024-01-10 05:54:05,28.603,26.270
2024-01-10 05:55:05,28.603,26.111
2024-01-10 05:56:05,28.602,25.989
2024-01-10 05:57:05,28.603,25.947
2024-01-10 05:58:05,28.602,26.045
2024-01-10 05:59:05,28.604,25.858
2024-01-10 06:00:05,28.603,25.889
2024-01-10 06:01:05,28.601,25.818
2024-01-10 06:02:05,28.600,25.655
2024-01-10 06:03:05,28.601,25.928
2024-01-10 06:04:05,28.602,25.697
2024-01-10 06:05:05,28.607,25.560
2024-01-10 06:06:05,28.604,25.616
2024-01-10 06:07:05,28.607,25.572
2024-01-10 06:08:05,28.606,25.648
2024-01-10 06:09:05,28.605,25.744
2024-01-10 06:10:05,28.611,25.527
2024-01-10 06:11:05,28.611,25.674
2024-01-10 06:12:05,28.607,25.757
2024-01-10 06:13:04,28.607,25.722
2024-01-10 06:14:04,28.608,25.634
2024-01-10 06:15:04,28.605,25.663
2024-01-10 06:16:04,28.604,25.628
2024-01-10 06:17:04,28.605,25.430
2024-01-10 06:18:04,28.604,25.422
2024-01-10 06:19:04,28.608,25.378
2024-01-10 06:20:04,28.604,25.638
2024-01-10 06:21:04,28.605,25.520
2024-01-10 06:22:04,28.605,25.386
2024-01-10 06:23:04,28.605,25.394
2024-01-10 06:24:04,28.605,25.439
2024-01-10 06:25:04,28.605,25.267
2024-01-10 06:26:04,28.604,25.265
2024-01-10 06:27:04,28.606,25.437
2024-01-10 06:28:03,28.606,25.216
2024-01-10 06:29:03,28.608,25.018
2024-01-10 06:30:03,28.604,25.169
2024-01-10 06:31:03,28.604,25.283
2024-01-10 06:32:03,28.605,25.386
2024-01-10 06:33:03,28.605,25.559
2024-01-10 06:34:03,28.605,25.376
2024-01-10 06:35:03,28.603,25.343
2024-01-10 06:36:02,28.603,25.385
2024-01-10 06:37:02,28.605,25.160
2024-01-10 06:38:02,28.602,25.206
2024-01-10 06:39:02,28.605,24.948
2024-01-10 06:40:02,28.606,24.963
2024-01-10 06:41:02,28.606,25.063
2024-01-10 06:42:02,28.606,25.040
2024-01-10 06:43:02,28.605,25.136
2024-01-10 06:44:02,28.605,25.193
2024-01-10 06:45:02,28.606,25.010
2024-01-10 06:46:02,28.606,24.968
2024-01-10 06:47:02,28.607,25.144
2024-01-10 06:48:02,28.607,24.910
2024-01-10 06:49:02,28.613,24.848
2024-01-10 06:50:02,28.609,25.073
2024-01-10 06:51:02,28.609,24.798
2024-01-10 06:52:02,28.605,24.807
2024-01-10 06:53:02,28.607,24.976
2024-01-10 06:54:02,28.606,24.961
2024-01-10 06:55:02,28.613,24.644
2024-01-10 06:56:02,28.609,24.825
2024-01-10 06:57:02,28.611,24.676
2024-01-10 06:58:02,28.609,24.784
2024-01-10 06:59:02,28.607,24.595
2024-01-10 07:00:02,28.608,24.712
2024-01-10 07:01:02,28.610,24.574
2024-01-10 07:02:02,28.608,24.578
2024-01-10 07:03:01,28.608,24.456
2024-01-10 07:04:01,28.606,24.535
2024-01-10 07:05:00,28.608,24.440
2024-01-10 07:06:00,28.605,24.379
2024-01-10 07:07:00,28.608,24.162
2024-01-10 07:08:00,28.606,24.081
2024-01-10 07:09:00,28.606,24.230
2024-01-10 07:10:00,28.609,24.440
2024-01-10 07:11:00,28.609,24.804
2024-01-10 07:12:00,28.607,24.969
2024-01-10 07:13:00,28.611,25.402
2024-01-10 07:14:00,28.607,25.436
2024-01-10 07:15:00,28.610,25.623
2024-01-10 07:16:00,28.616,25.697
2024-01-10 07:17:00,28.615,26.078
2024-01-10 07:18:00,28.610,26.270
2024-01-10 07:19:00,28.608,26.332
2024-01-10 07:20:00,28.610,26.444
2024-01-10 07:21:00,28.607,26.646
2024-01-10 07:22:00,28.605,26.964
2024-01-10 07:23:00,28.606,27.026
2024-01-10 07:24:00,28.607,27.072
2024-01-10 07:25:00,28.608,27.106
2024-01-10 07:26:00,28.608,27.171
2024-01-10 07:27:00,28.609,27.417
2024-01-10 07:27:59,28.607,27.495
2024-01-10 07:28:59,28.610,27.669
2024-01-10 07:29:59,28.605,27.846
2024-01-10 07:30:59,28.610,27.998
2024-01-10 07:31:59,28.609,28.099
2024-01-10 07:32:59,28.607,28.389
2024-01-10 07:33:59,28.606,28.571
2024-01-10 07:34:59,28.609,28.781
2024-01-10 07:35:59,28.611,28.875
2024-01-10 07:36:59,28.608,29.010
2024-01-10 07:37:59,28.609,29.128
2024-01-10 07:38:59,28.608,29.242
2024-01-10 07:39:58,28.610,29.380
2024-01-10 07:40:58,28.609,29.717
2024-01-10 07:41:58,28.609,29.780
2024-01-10 07:42:58,28.607,30.184
2024-01-10 07:43:58,28.608,30.426
2024-01-10 07:44:58,28.607,30.423
2024-01-10 07:45:58,28.606,30.703
2024-01-10 07:46:58,28.605,30.791
2024-01-10 07:47:58,28.607,30.824
2024-01-10 07:48:58,28.605,31.093
2024-01-10 07:49:58,28.605,31.272
2024-01-10 07:50:58,28.608,31.202
2024-01-10 07:51:58,28.608,31.536
2024-01-10 07:52:58,28.613,31.434
2024-01-10 07:53:58,28.611,31.639
2024-01-10 07:54:58,28.608,31.715
2024-01-10 07:55:58,28.604,31.849
2024-01-10 07:56:58,28.602,31.943
2024-01-10 07:57:58,28.606,32.165
2024-01-10 07:58:58,28.603,32.266
2024-01-10 07:59:58,28.597,32.499
2024-01-10 08:00:58,28.598,32.691
2024-01-10 08:01:58,28.597,32.966
2024-01-10 08:02:58,28.601,33.038
2024-01-10 08:03:58,28.611,33.380
2024-01-10 08:04:58,28.612,33.493
2024-01-10 08:05:58,28.609,33.734
2024-01-10 08:06:58,28.606,33.975
2024-01-10 08:07:58,28.611,34.091
2024-01-10 08:08:58,28.616,34.250
2024-01-10 08:09:58,28.613,34.511
2024-01-10 08:10:57,28.615,34.466
2024-01-10 08:11:57,28.613,34.561
2024-01-10 08:12:57,28.613,34.706
2024-01-10 08:13:57,28.611,34.662
2024-01-10 08:14:57,28.596,34.812
2024-01-10 08:15:57,28.581,35.126
2024-01-10 08:16:57,28.605,35.278
2024-01-10 08:17:57,28.602,35.516
2024-01-10 08:18:57,28.608,35.528
2024-01-10 08:19:57,28.602,35.692
2024-01-10 08:20:57,28.605,35.670
2024-01-10 08:21:57,28.598,35.742
2024-01-10 08:22:57,28.552,35.859
2024-01-10 08:23:57,28.529,35.771
2024-01-10 08:24:57,28.501,35.235
2024-01-10 08:25:57,28.571,33.875
2024-01-10 08:26:57,28.604,32.281
2024-01-10 08:27:57,28.611,30.803
2024-01-10 08:28:57,28.616,29.375
2024-01-10 08:29:57,28.612,28.509
2024-01-10 08:30:57,28.613,28.622
2024-01-10 08:31:57,28.613,28.266
2024-01-10 08:32:56,28.608,27.373
2024-01-10 08:33:56,28.617,26.608
2024-01-10 08:34:56,28.610,25.948
2024-01-10 08:35:56,28.617,25.695
2024-01-10 08:36:56,28.622,25.973
2024-01-10 08:37:56,28.623,26.995
2024-01-10 08:38:56,28.619,27.028
2024-01-10 08:39:56,28.618,26.589
2024-01-10 08:40:56,28.615,25.173
2024-01-10 08:41:56,28.614,26.446
2024-01-10 08:42:56,28.613,26.136
2024-01-10 08:43:56,28.621,26.149
2024-01-10 08:44:56,28.626,26.134
2024-01-10 08:45:56,28.626,26.431
2024-01-10 08:46:56,28.618,26.552
2024-01-10 08:47:56,28.618,26.142
2024-01-10 08:48:56,28.621,25.537
2024-01-10 08:49:56,28.620,24.944
2024-01-10 08:50:56,28.622,24.111
2024-01-10 08:51:56,28.622,24.099
2024-01-10 08:52:56,28.625,24.240
2024-01-10 08:53:56,28.624,24.399
2024-01-10 08:54:56,28.622,24.967
2024-01-10 08:55:56,28.622,24.245
2024-01-10 08:56:56,28.620,22.909
2024-01-10 08:57:56,28.619,15.969
2024-01-10 08:58:56,27.188,0.235

# <WISENS>
# 	<SENSOR eH0="Wisens TD 1000m" eH1="Data Logger" eH2="0x561F" eH3="1.1.17" eH4="2"/>
# 	<COMMENT eX0="NKE_WiSens_TD1000_561F"/>
# 	<STATUS eS0="7.5 %" eS1="90.4 %" eS2="LSH14 light"/>
# 	<CHANNEL_7 eC0="Temperature" eC1="degC" eC2=".3f" eC3="50" eC4="100">
# 		<CALIBRATION>
# 			<TYPE eT0="Bennett" eC0="3.61342618e-03" eC1="2.61884678e-04" eC2="3.01515851e-06" eC3="2.14505575e-07"/>
# 			<POINT_1 eP0="34.8135" eP1="24183.0"/>
# 			<POINT_2 eP0="29.8349" eP1="29810.0"/>
# 			<POINT_3 eP0="24.9117" eP1="36883.0"/>
# 			<POINT_4 eP0="20.0254" eP1="45849.0"/>
# 			<POINT_5 eP0="15.1448" eP1="57339.0"/>
# 			<POINT_6 eP0="10.2034" eP1="72403.0"/>
# 			<POINT_7 eP0="5.1141" eP1="92741.0"/>
# 		</CALIBRATION>
# 	</CHANNEL_7>
# 	<CHANNEL_4 eC0="Depth" eC1="dbar" eC2=".3f" eC3="50" eC4="100">
# 		<CALIBRATION>
# 			<TYPE eT0="Multipoint"/>
# 			<POINT_1 eP0="0.2460" eP1="6110.0"/>
# 			<POINT_2 eP0="49.4070" eP1="9826.0"/>
# 			<POINT_3 eP0="99.4670" eP1="13624.0"/>
# 			<POINT_4 eP0="149.6730" eP1="17445.0"/>
# 			<POINT_5 eP0="200.6800" eP1="21320.0"/>
# 			<POINT_6 eP0="302.0700" eP1="29024.0"/>
# 			<POINT_7 eP0="399.8870" eP1="36466.0"/>
# 			<POINT_8 eP0="497.1750" eP1="43865.0"/>
# 			<POINT_9 eP0="598.7120" eP1="51595.0"/>
# 			<POINT_10 eP0="698.9540" eP1="59219.0"/>
# 			<POINT_11 eP0="800.4270" eP1="66947.0"/>
# 			<POINT_12 eP0="897.8680" eP1="74362.0"/>
# 			<POINT_13 eP0="996.8490" eP1="81897.0"/>
# 		</CALIBRATION>
# 	</CHANNEL_4>
# 	<MEASURE>
# 		<SAMPLING eS0="Continuous"/>
# 		<START eS0="Condition" eS1="Depth" eS2="Sup" eS3="5.000" eS4="1 s"/>
# 		<STOP eS0="Condition" eS1="Depth" eS2="Inf" eS3="4.900"/>
# 	</MEASURE>
# 	<EXPORT eX0="Standard (yyyy-mm-dd hh:mm:ss)" eX1="." eX2=","/>
# 	<DATA eD0="1 min" eD1="2024-01-09T16:21:34" eD2="2024-01-10T08:58:56" eD3="999"/>
# </WISENS>
